{"cameraMode":{"drawMode":0,"name":"Shaded","section":"Shading Mode"},"sceneLighting":true,"audioPlay":false,"sceneViewState":{"m_AlwaysRefresh":false,"showFog":true,"showSkybox":true,"showFlares":true,"showImageEffects":true,"showParticleSystems":true,"showVisualEffectGraphs":true,"m_FxEnabled":true},"in2DMode":false,"pivot":{"x":-42.558250427246097,"y":-6.124093055725098,"z":1.9107060432434083},"rotation":{"x":-0.08042503893375397,"y":0.6403484344482422,"z":-0.06768485903739929,"w":-0.7608699798583984},"size":18.472896575927736,"orthographic":false}