{"cameraMode":{"drawMode":0,"name":"Shaded","section":"Shading Mode"},"sceneLighting":true,"audioPlay":false,"sceneViewState":{"m_AlwaysRefresh":false,"showFog":true,"showSkybox":true,"showFlares":true,"showImageEffects":true,"showParticleSystems":true,"showVisualEffectGraphs":true,"m_FxEnabled":true},"in2DMode":false,"pivot":{"x":837.1116943359375,"y":153.25497436523438,"z":80.945068359375},"rotation":{"x":-0.058411385864019397,"y":0.04341190680861473,"z":0.0025425024796277286,"w":0.9973456263542175},"size":58.12230682373047,"orthographic":false}