{"cameraMode":{"drawMode":0,"name":"Shaded","section":"Shading Mode"},"sceneLighting":true,"audioPlay":false,"sceneViewState":{"m_AlwaysRefresh":false,"showFog":true,"showSkybox":true,"showFlares":true,"showImageEffects":true,"showParticleSystems":true,"showVisualEffectGraphs":true,"m_FxEnabled":true},"in2DMode":false,"pivot":{"x":-13.631617546081543,"y":3.835141658782959,"z":-0.4391908645629883},"rotation":{"x":0.03993319720029831,"y":-0.41011175513267519,"z":0.017985299229621888,"w":0.9109938740730286},"size":4.6200337409973148,"orthographic":false}