{"cameraMode":{"drawMode":0,"name":"Shaded","section":"Shading Mode"},"sceneLighting":true,"audioPlay":false,"sceneViewState":{"m_AlwaysRefresh":false,"showFog":true,"showSkybox":true,"showFlares":true,"showImageEffects":true,"showParticleSystems":true,"showVisualEffectGraphs":true,"m_FxEnabled":true},"in2DMode":false,"pivot":{"x":-22.94947052001953,"y":-39.551456451416019,"z":-270.1087341308594},"rotation":{"x":0.03991271182894707,"y":-0.8153453469276428,"z":0.056597769260406497,"w":0.5748581290245056},"size":55.658409118652347,"orthographic":false}