{"cameraMode":{"drawMode":0,"name":"Shaded","section":"Shading Mode"},"sceneLighting":true,"audioPlay":false,"sceneViewState":{"m_AlwaysRefresh":false,"showFog":true,"showSkybox":true,"showFlares":true,"showImageEffects":true,"showParticleSystems":true,"showVisualEffectGraphs":true,"m_FxEnabled":true},"in2DMode":false,"pivot":{"x":-6.171694755554199,"y":1.8005785942077637,"z":-5.831264495849609},"rotation":{"x":0.041944414377212527,"y":-0.9438344836235046,"z":0.13194765150547028,"w":0.30004456639289858},"size":52.10210037231445,"orthographic":false}