{"cameraMode":{"drawMode":0,"name":"Shaded","section":"Shading Mode"},"sceneLighting":true,"audioPlay":false,"sceneViewState":{"m_AlwaysRefresh":false,"showFog":true,"showSkybox":true,"showFlares":true,"showImageEffects":true,"showParticleSystems":true,"showVisualEffectGraphs":true,"m_FxEnabled":true},"in2DMode":false,"pivot":{"x":-10.49379825592041,"y":2.871049165725708,"z":3.7812557220458986},"rotation":{"x":-0.024708716198801996,"y":-0.9719185829162598,"z":-0.11926628649234772,"w":0.20136933028697968},"size":2.853259801864624,"orthographic":false}