{"cameraMode":{"drawMode":0,"name":"Shaded","section":"Shading Mode"},"sceneLighting":true,"audioPlay":false,"sceneViewState":{"m_AlwaysRefresh":false,"showFog":true,"showSkybox":true,"showFlares":true,"showImageEffects":true,"showParticleSystems":true,"showVisualEffectGraphs":true,"m_FxEnabled":true},"in2DMode":false,"pivot":{"x":-7.4350786209106449,"y":0.5849339962005615,"z":-0.11652112007141113},"rotation":{"x":0.13200850784778596,"y":0.17010153830051423,"z":-0.022996749728918077,"w":0.9762876629829407},"size":7.176379203796387,"orthographic":false}